{
  "losses": [
    15.6017804658325,
    11.58062379704386,
    8.539255250995101,
    6.382941449278901,
    4.784841147062022,
    3.6422892023816122,
    2.7748733891450943,
    2.1704678733934215,
    1.6832457124810074,
    1.3732622611023353
  ],
  "metrics": {
    "both": {
      "optimistic": {
        "adjusted_arithmetic_mean_rank": 0.9733140706378236,
        "adjusted_arithmetic_mean_rank_index": 0.026687856177988523,
        "adjusted_geometric_mean_rank_index": 0.03583362421067782,
        "adjusted_hits_at_k": 0.00039693762449605164,
        "adjusted_inverse_harmonic_mean_rank": 8.397801552333909e-05,
        "arithmetic_mean_rank": 13481.135959129862,
        "count": 30340.0,
        "geometric_mean_rank": 9824.021166206598,
        "harmonic_mean_rank": 2108.287731628753,
        "hits_at_1": 3.295978905735003e-05,
        "hits_at_10": 0.0007580751483190507,
        "hits_at_3": 0.00016479894528675015,
        "hits_at_5": 0.00036255767963085035,
        "inverse_arithmetic_mean_rank": 7.417772530680307e-05,
        "inverse_geometric_mean_rank": 0.00010179131163111443,
        "inverse_harmonic_mean_rank": 0.0004743185595580221,
        "inverse_median_rank": 7.513148009015778e-05,
        "median_absolute_deviation": 10153.601293435615,
        "median_rank": 13310.0,
        "standard_deviation": 7947.652404605737,
        "variance": 63165178.74443535,
        "z_arithmetic_mean_rank": 8.048589164516443,
        "z_geometric_mean_rank": 6.248100767926815,
        "z_hits_at_k": 3.6368813976872922,
        "z_inverse_harmonic_mean_rank": 1.8991959825732696
      },
      "pessimistic": {
        "adjusted_arithmetic_mean_rank": 0.9733141158509498,
        "adjusted_arithmetic_mean_rank_index": 0.02668781096159778,
        "adjusted_geometric_mean_rank_index": 0.03583357098891393,
        "adjusted_hits_at_k": 0.00039693762449605164,
        "adjusted_inverse_harmonic_mean_rank": 8.397800802302562e-05,
        "arithmetic_mean_rank": 13481.136585365854,
        "count": 30340.0,
        "geometric_mean_rank": 9824.021708435124,
        "harmonic_mean_rank": 2108.2877649537113,
        "hits_at_1": 3.295978905735003e-05,
        "hits_at_10": 0.0007580751483190507,
        "hits_at_3": 0.00016479894528675015,
        "hits_at_5": 0.00036255767963085035,
        "inverse_arithmetic_mean_rank": 7.417772186104306e-05,
        "inverse_geometric_mean_rank": 0.00010179130601282953,
        "inverse_harmonic_mean_rank": 0.00047431855206063657,
        "inverse_median_rank": 7.513148009015778e-05,
        "median_absolute_deviation": 10153.601293435615,
        "median_rank": 13310.0,
        "standard_deviation": 7947.65259549684,
        "variance": 63165181.77870765,
        "z_arithmetic_mean_rank": 8.048575528046342,
        "z_geometric_mean_rank": 6.248091487957197,
        "z_hits_at_k": 3.6368813976872922,
        "z_inverse_harmonic_mean_rank": 1.899195812950719
      },
      "realistic": {
        "adjusted_arithmetic_mean_rank": 0.9733141254810482,
        "adjusted_arithmetic_mean_rank_index": 0.026687801330804062,
        "adjusted_geometric_mean_rank_index": 0.035833497127983005,
        "adjusted_hits_at_k": 0.00039693762449605164,
        "adjusted_inverse_harmonic_mean_rank": 8.397802689281546e-05,
        "arithmetic_mean_rank": 13481.13671875,
        "count": 30340.0,
        "geometric_mean_rank": 9824.0224609375,
        "harmonic_mean_rank": 2108.287681112556,
        "hits_at_1": 3.295978905735003e-05,
        "hits_at_10": 0.0007580751483190507,
        "hits_at_3": 0.00016479894528675015,
        "hits_at_5": 0.00036255767963085035,
        "inverse_arithmetic_mean_rank": 7.417771848849952e-05,
        "inverse_geometric_mean_rank": 0.00010179129458265379,
        "inverse_harmonic_mean_rank": 0.0004743185709230602,
        "inverse_median_rank": 7.513148011639714e-05,
        "median_absolute_deviation": 10153.601293435615,
        "median_rank": 13310.0,
        "standard_deviation": 7947.65234375,
        "variance": 63165176.0,
        "z_arithmetic_mean_rank": 8.048572623567907,
        "z_geometric_mean_rank": 6.24807860925597,
        "z_hits_at_k": 3.6368813976872922,
        "z_inverse_harmonic_mean_rank": 1.8991962396984672
      }
    },
    "head": {
      "optimistic": {
        "adjusted_arithmetic_mean_rank": 0.9712853638176426,
        "adjusted_arithmetic_mean_rank_index": 0.028716724244221004,
        "adjusted_geometric_mean_rank_index": 0.04716401046730112,
        "adjusted_hits_at_k": 0.00036115424439630385,
        "adjusted_inverse_harmonic_mean_rank": 8.725866073650251e-05,
        "arithmetic_mean_rank": 13357.90593276203,
        "count": 15170.0,
        "geometric_mean_rank": 9637.049740343877,
        "harmonic_mean_rank": 2081.8553100971944,
        "hits_at_1": 0.0,
        "hits_at_10": 0.0007251153592617007,
        "hits_at_3": 0.00013183915622940013,
        "hits_at_5": 0.0005273566249176005,
        "inverse_arithmetic_mean_rank": 7.486203339307607e-05,
        "inverse_geometric_mean_rank": 0.00010376619680748034,
        "inverse_harmonic_mean_rank": 0.000480340778319178,
        "inverse_median_rank": 7.608612949859241e-05,
        "median_absolute_deviation": 10251.453039856984,
        "median_rank": 13143.0,
        "standard_deviation": 7975.431954324463,
        "variance": 63607514.85805972,
        "z_arithmetic_mean_rank": 6.122053661247151,
        "z_geometric_mean_rank": 5.81519774629173,
        "z_hits_at_k": 2.3307765095584982,
        "z_inverse_harmonic_mean_rank": 1.3900070170362744
      },
      "pessimistic": {
        "adjusted_arithmetic_mean_rank": 0.9712854069561776,
        "adjusted_arithmetic_mean_rank_index": 0.02871668110254899,
        "adjusted_geometric_mean_rank_index": 0.04716394133084134,
        "adjusted_hits_at_k": 0.00036115424439630385,
        "adjusted_inverse_harmonic_mean_rank": 8.725864828957426e-05,
        "arithmetic_mean_rank": 13357.906526038234,
        "count": 15170.0,
        "geometric_mean_rank": 9637.0504395223,
        "harmonic_mean_rank": 2081.855364022488,
        "hits_at_1": 0.0,
        "hits_at_10": 0.0007251153592617007,
        "hits_at_3": 0.00013183915622940013,
        "hits_at_5": 0.0005273566249176005,
        "inverse_arithmetic_mean_rank": 7.486203006816412e-05,
        "inverse_geometric_mean_rank": 0.00010376618927913063,
        "inverse_harmonic_mean_rank": 0.00048034076587714285,
        "inverse_median_rank": 7.608612949859241e-05,
        "median_absolute_deviation": 10251.453039856984,
        "median_rank": 13143.0,
        "standard_deviation": 7975.431850489963,
        "variance": 63607513.20180975,
        "z_arithmetic_mean_rank": 6.122044463971434,
        "z_geometric_mean_rank": 5.815189221949112,
        "z_hits_at_k": 2.3307765095584982,
        "z_inverse_harmonic_mean_rank": 1.3900068187600523
      },
      "realistic": {
        "adjusted_arithmetic_mean_rank": 0.9712853158765753,
        "adjusted_arithmetic_mean_rank_index": 0.02871677218877433,
        "adjusted_geometric_mean_rank_index": 0.04716390753997679,
        "adjusted_hits_at_k": 0.00036115424439630385,
        "adjusted_inverse_harmonic_mean_rank": 8.725864703693688e-05,
        "arithmetic_mean_rank": 13357.9052734375,
        "count": 15170.0,
        "geometric_mean_rank": 9637.05078125,
        "harmonic_mean_rank": 2081.8553694494367,
        "hits_at_1": 0.0,
        "hits_at_10": 0.0007251153592617007,
        "hits_at_3": 0.00013183915622940013,
        "hits_at_5": 0.0005273566249176005,
        "inverse_arithmetic_mean_rank": 7.48620368540287e-05,
        "inverse_geometric_mean_rank": 0.00010376618592999876,
        "inverse_harmonic_mean_rank": 0.0004803407646249979,
        "inverse_median_rank": 7.608612941112369e-05,